Date,RPM,Speed,nGear,Throttle,Brake,DRS,Source,Time,SessionTime,Distance
2024-11-03 17:43:43.249,10858.0,308.0,8,100.0,False,1,car,0 days 00:00:00.021000,0 days 03:05:40.503000,1.7966666666666669
2024-11-03 17:43:43.409,10870.0,309.0,8,100.0,False,1,car,0 days 00:00:00.181000,0 days 03:05:40.663000,15.53
2024-11-03 17:43:43.609,10869.0,308.0,8,100.0,False,1,car,0 days 00:00:00.381000,0 days 03:05:40.863000,32.64111111111111
2024-11-03 17:43:43.969,10870.0,308.0,8,100.0,False,1,car,0 days 00:00:00.741000,0 days 03:05:41.223000,63.44111111111111
2024-11-03 17:43:44.288,10870.0,310.0,8,100.0,False,1,car,0 days 00:00:01.060000,0 days 03:05:41.542000,90.91055555555556
2024-11-03 17:43:44.688,10917.0,311.0,8,100.0,False,1,car,0 days 00:00:01.460000,0 days 03:05:41.942000,125.4661111111111
2024-11-03 17:43:44.968,10925.0,310.0,8,99.0,False,1,car,0 days 00:00:01.740000,0 days 03:05:42.222000,149.57722222222222
2024-11-03 17:43:45.248,10911.0,311.0,8,99.0,False,1,car,0 days 00:00:02.020000,0 days 03:05:42.502000,173.76611111111112
2024-11-03 17:43:45.408,10770.0,311.0,8,99.0,True,1,car,0 days 00:00:02.180000,0 days 03:05:42.662000,187.58833333333334
2024-11-03 17:43:45.568,10236.0,294.0,8,12.0,True,1,car,0 days 00:00:02.340000,0 days 03:05:42.822000,200.65499999999997
2024-11-03 17:43:45.888,10092.0,260.0,8,3.0,True,1,car,0 days 00:00:02.660000,0 days 03:05:43.142000,223.76611111111112
2024-11-03 17:43:46.089,10372.0,238.0,8,3.0,True,1,car,0 days 00:00:02.861000,0 days 03:05:43.343000,237.05444444444444
2024-11-03 17:43:46.249,10397.0,219.0,7,3.0,True,1,car,0 days 00:00:03.021000,0 days 03:05:43.503000,246.78777777777776
2024-11-03 17:43:46.449,10309.0,203.0,6,2.0,True,1,car,0 days 00:00:03.221000,0 days 03:05:43.703000,258.06555555555553
2024-11-03 17:43:46.809,11367.0,179.0,4,1.0,True,1,car,0 days 00:00:03.581000,0 days 03:05:44.063000,275.9655555555555
2024-11-03 17:43:47.089,11455.0,163.0,3,0.0,True,1,car,0 days 00:00:03.861000,0 days 03:05:44.343000,288.6433333333333
2024-11-03 17:43:47.249,10653.0,157.0,3,0.0,True,1,car,0 days 00:00:04.021000,0 days 03:05:44.503000,295.6211111111111
2024-11-03 17:43:47.529,9517.0,136.0,3,0.0,True,1,car,0 days 00:00:04.301000,0 days 03:05:44.783000,306.19888888888886
2024-11-03 17:43:47.849,8694.0,127.0,3,0.0,True,1,car,0 days 00:00:04.621000,0 days 03:05:45.103000,317.48777777777775
2024-11-03 17:43:48.129,7940.0,113.0,3,0.0,True,1,car,0 days 00:00:04.901000,0 days 03:05:45.383000,326.27666666666664
2024-11-03 17:43:48.369,7510.0,106.0,3,0.0,True,1,car,0 days 00:00:05.141000,0 days 03:05:45.623000,333.3433333333333
2024-11-03 17:43:48.529,7134.0,102.0,3,0.0,True,1,car,0 days 00:00:05.301000,0 days 03:05:45.783000,337.87666666666667
2024-11-03 17:43:48.689,7039.0,102.0,3,0.0,True,1,car,0 days 00:00:05.461000,0 days 03:05:45.943000,342.41
2024-11-03 17:43:49.009,6813.0,93.0,3,0.0,True,1,car,0 days 00:00:05.781000,0 days 03:05:46.263000,350.6766666666667
2024-11-03 17:43:49.249,6414.0,89.0,3,0.0,False,1,car,0 days 00:00:06.021000,0 days 03:05:46.503000,356.61
2024-11-03 17:43:49.409,6402.0,89.0,3,13.0,False,1,car,0 days 00:00:06.181000,0 days 03:05:46.663000,360.5655555555556
2024-11-03 17:43:49.849,6763.0,90.0,3,22.0,False,1,car,0 days 00:00:06.621000,0 days 03:05:47.103000,371.5655555555556
2024-11-03 17:43:50.009,6917.0,91.0,3,25.0,False,1,car,0 days 00:00:06.781000,0 days 03:05:47.263000,375.61
2024-11-03 17:43:50.489,7186.0,95.0,3,37.0,False,1,car,0 days 00:00:07.261000,0 days 03:05:47.743000,388.2766666666667
2024-11-03 17:43:50.649,7486.0,97.0,3,40.0,False,1,car,0 days 00:00:07.421000,0 days 03:05:47.903000,392.58777777777783
2024-11-03 17:43:50.809,7715.0,100.0,3,54.0,False,1,car,0 days 00:00:07.581000,0 days 03:05:48.063000,397.0322222222223
2024-11-03 17:43:51.048,8439.0,110.0,3,60.0,False,1,car,0 days 00:00:07.820000,0 days 03:05:48.302000,404.33500000000004
2024-11-03 17:43:51.248,9014.0,117.0,3,62.0,False,1,car,0 days 00:00:08.020000,0 days 03:05:48.502000,410.83500000000004
2024-11-03 17:43:51.528,8818.0,122.0,3,47.0,False,1,car,0 days 00:00:08.300000,0 days 03:05:48.782000,420.323888888889
2024-11-03 17:43:51.808,7853.0,125.0,4,43.0,False,1,car,0 days 00:00:08.580000,0 days 03:05:49.062000,430.04611111111114
2024-11-03 17:43:52.048,7910.0,127.0,4,36.0,False,1,car,0 days 00:00:08.820000,0 days 03:05:49.302000,438.51277777777784
2024-11-03 17:43:52.208,7833.0,127.0,4,16.0,False,1,car,0 days 00:00:08.980000,0 days 03:05:49.462000,444.1572222222223
2024-11-03 17:43:52.488,7701.0,126.0,4,15.0,False,1,car,0 days 00:00:09.260000,0 days 03:05:49.742000,453.95722222222224
2024-11-03 17:43:52.769,7738.0,124.0,4,22.0,False,1,car,0 days 00:00:09.541000,0 days 03:05:50.023000,463.6361111111112
2024-11-03 17:43:53.129,8079.0,129.0,4,57.0,False,1,car,0 days 00:00:09.901000,0 days 03:05:50.383000,476.53611111111115
2024-11-03 17:43:53.569,9008.0,136.0,4,67.0,False,1,car,0 days 00:00:10.341000,0 days 03:05:50.823000,493.15833333333336
2024-11-03 17:43:53.849,9623.0,150.0,4,83.0,False,1,car,0 days 00:00:10.621000,0 days 03:05:51.103000,504.82500000000005
2024-11-03 17:43:54.089,10264.0,159.0,4,90.0,False,1,car,0 days 00:00:10.861000,0 days 03:05:51.343000,515.4250000000001
2024-11-03 17:43:54.409,10940.0,170.0,4,84.0,False,1,car,0 days 00:00:11.181000,0 days 03:05:51.663000,530.5361111111112
2024-11-03 17:43:54.649,10929.0,175.0,4,78.0,False,1,car,0 days 00:00:11.421000,0 days 03:05:51.903000,542.2027777777778
2024-11-03 17:43:54.889,9983.0,183.0,4,82.0,False,1,car,0 days 00:00:11.661000,0 days 03:05:52.143000,554.4027777777778
2024-11-03 17:43:55.089,10032.0,186.0,5,76.0,False,1,car,0 days 00:00:11.861000,0 days 03:05:52.343000,564.7361111111112
2024-11-03 17:43:55.289,10129.0,190.0,5,82.0,False,1,car,0 days 00:00:12.061000,0 days 03:05:52.543000,575.2916666666667
2024-11-03 17:43:55.609,10560.0,197.0,5,83.0,False,1,car,0 days 00:00:12.381000,0 days 03:05:52.863000,592.8027777777779
2024-11-03 17:43:55.889,10826.0,204.0,5,82.0,False,1,car,0 days 00:00:12.661000,0 days 03:05:53.143000,608.6694444444446
2024-11-03 17:43:56.089,11078.0,208.0,5,84.0,False,1,car,0 days 00:00:12.861000,0 days 03:05:53.343000,620.2250000000003
2024-11-03 17:43:56.289,11234.0,212.0,5,84.0,False,1,car,0 days 00:00:13.061000,0 days 03:05:53.543000,632.002777777778
2024-11-03 17:43:56.489,11495.0,214.0,5,87.0,False,1,car,0 days 00:00:13.261000,0 days 03:05:53.743000,643.8916666666668
2024-11-03 17:43:56.729,11215.0,220.0,5,87.0,False,1,car,0 days 00:00:13.501000,0 days 03:05:53.983000,658.5583333333334
2024-11-03 17:43:57.009,10544.0,224.0,6,100.0,False,1,car,0 days 00:00:13.781000,0 days 03:05:54.263000,675.9805555555557
2024-11-03 17:43:57.289,10655.0,231.0,6,100.0,False,1,car,0 days 00:00:14.061000,0 days 03:05:54.543000,693.9472222222223
2024-11-03 17:43:57.449,10928.0,237.0,6,100.0,False,1,car,0 days 00:00:14.221000,0 days 03:05:54.703000,704.4805555555556
2024-11-03 17:43:57.888,11235.0,244.0,6,100.0,False,1,car,0 days 00:00:14.660000,0 days 03:05:55.142000,734.235
2024-11-03 17:43:58.208,11460.0,251.0,6,100.0,False,1,car,0 days 00:00:14.980000,0 days 03:05:55.462000,756.5461111111111
2024-11-03 17:43:58.448,11639.0,256.0,6,100.0,False,1,car,0 days 00:00:15.220000,0 days 03:05:55.702000,773.6127777777779
2024-11-03 17:43:58.768,10485.0,260.0,6,100.0,False,1,car,0 days 00:00:15.540000,0 days 03:05:56.022000,796.7238888888888
2024-11-03 17:43:59.048,10565.0,265.0,7,100.0,False,1,car,0 days 00:00:15.820000,0 days 03:05:56.302000,817.335
2024-11-03 17:43:59.289,10664.0,268.0,7,100.0,False,1,car,0 days 00:00:16.061000,0 days 03:05:56.543000,835.2761111111112
2024-11-03 17:43:59.449,10776.0,272.0,7,100.0,False,1,car,0 days 00:00:16.221000,0 days 03:05:56.703000,847.365
2024-11-03 17:43:59.649,10860.0,273.0,7,100.0,False,1,car,0 days 00:00:16.421000,0 days 03:05:56.903000,862.5316666666666
2024-11-03 17:43:59.849,10980.0,276.0,7,100.0,False,1,car,0 days 00:00:16.621000,0 days 03:05:57.103000,877.8649999999999
2024-11-03 17:44:00.209,11162.0,280.0,7,100.0,False,1,car,0 days 00:00:16.981000,0 days 03:05:57.463000,905.8650000000001
2024-11-03 17:44:00.369,11207.0,282.0,7,100.0,False,1,car,0 days 00:00:17.141000,0 days 03:05:57.623000,918.3983333333332
2024-11-03 17:44:00.569,11290.0,284.0,7,100.0,False,1,car,0 days 00:00:17.341000,0 days 03:05:57.823000,934.1761111111113
2024-11-03 17:44:00.769,11368.0,286.0,7,100.0,False,1,car,0 days 00:00:17.541000,0 days 03:05:58.023000,950.065
2024-11-03 17:44:01.129,11495.0,289.0,7,100.0,False,1,car,0 days 00:00:17.901000,0 days 03:05:58.383000,978.965
2024-11-03 17:44:01.369,11525.0,290.0,7,100.0,False,1,car,0 days 00:00:18.141000,0 days 03:05:58.623000,998.2983333333333
2024-11-03 17:44:01.689,11647.0,293.0,7,100.0,False,1,car,0 days 00:00:18.461000,0 days 03:05:58.943000,1024.3427777777777
2024-11-03 17:44:02.089,10455.0,297.0,8,100.0,False,1,car,0 days 00:00:18.861000,0 days 03:05:59.343000,1057.3427777777779
2024-11-03 17:44:02.329,10552.0,298.0,8,100.0,False,1,car,0 days 00:00:19.101000,0 days 03:05:59.583000,1077.2094444444444
2024-11-03 17:44:02.489,10511.0,299.0,8,100.0,False,1,car,0 days 00:00:19.261000,0 days 03:05:59.743000,1090.4983333333334
2024-11-03 17:44:02.809,10673.0,300.0,8,100.0,False,1,car,0 days 00:00:19.581000,0 days 03:06:00.063000,1117.1650000000002
2024-11-03 17:44:02.969,10659.0,302.0,8,100.0,False,1,car,0 days 00:00:19.741000,0 days 03:06:00.223000,1130.5872222222224
2024-11-03 17:44:03.209,10673.0,302.0,8,100.0,False,1,car,0 days 00:00:19.981000,0 days 03:06:00.463000,1150.7205555555558
2024-11-03 17:44:03.609,10751.0,305.0,8,100.0,False,1,car,0 days 00:00:20.381000,0 days 03:06:00.863000,1184.6094444444445
2024-11-03 17:44:04.049,10509.0,306.0,8,93.0,False,1,car,0 days 00:00:20.821000,0 days 03:06:01.303000,1222.0094444444446
2024-11-03 17:44:04.449,10098.0,297.0,8,0.0,True,1,car,0 days 00:00:21.221000,0 days 03:06:01.703000,1255.0094444444444
2024-11-03 17:44:05.368,10212.0,199.0,6,0.0,True,1,car,0 days 00:00:22.140000,0 days 03:06:02.622000,1305.8097222222223
2024-11-03 17:44:05.648,10724.0,180.0,5,0.0,True,1,car,0 days 00:00:22.420000,0 days 03:06:02.902000,1319.8097222222223
2024-11-03 17:44:05.969,9683.0,168.0,4,1.0,True,1,car,0 days 00:00:22.741000,0 days 03:06:03.223000,1334.7897222222223
2024-11-03 17:44:06.249,9123.0,154.0,4,2.0,True,1,car,0 days 00:00:23.021000,0 days 03:06:03.503000,1346.7675000000002
2024-11-03 17:44:06.449,8771.0,144.0,4,2.0,True,1,car,0 days 00:00:23.221000,0 days 03:06:03.703000,1354.7675000000002
2024-11-03 17:44:06.689,8557.0,140.0,4,2.0,True,1,car,0 days 00:00:23.461000,0 days 03:06:03.943000,1364.1008333333334
2024-11-03 17:44:06.889,8333.0,136.0,4,3.0,True,1,car,0 days 00:00:23.661000,0 days 03:06:04.143000,1371.656388888889
2024-11-03 17:44:07.209,8065.0,132.0,4,3.0,False,1,car,0 days 00:00:23.981000,0 days 03:06:04.463000,1383.3897222222224
2024-11-03 17:44:07.489,8092.0,129.0,4,13.0,False,1,car,0 days 00:00:24.261000,0 days 03:06:04.743000,1393.4230555555557
2024-11-03 17:44:07.649,7956.0,128.0,4,13.0,False,1,car,0 days 00:00:24.421000,0 days 03:06:04.903000,1399.1119444444446
2024-11-03 17:44:07.849,8044.0,129.0,4,40.0,False,1,car,0 days 00:00:24.621000,0 days 03:06:05.103000,1406.2786111111113
2024-11-03 17:44:08.049,8076.0,129.0,4,39.0,False,1,car,0 days 00:00:24.821000,0 days 03:06:05.303000,1413.445277777778
2024-11-03 17:44:08.249,8173.0,130.0,4,41.0,False,1,car,0 days 00:00:25.021000,0 days 03:06:05.503000,1420.6675000000002
2024-11-03 17:44:08.409,8362.0,130.0,4,47.0,False,1,car,0 days 00:00:25.181000,0 days 03:06:05.663000,1426.445277777778
2024-11-03 17:44:08.649,8562.0,134.0,4,55.0,False,1,car,0 days 00:00:25.421000,0 days 03:06:05.903000,1435.3786111111112
2024-11-03 17:44:08.929,8953.0,140.0,4,69.0,False,1,car,0 days 00:00:25.701000,0 days 03:06:06.183000,1446.2675000000002
2024-11-03 17:44:09.249,9624.0,146.0,4,72.0,False,1,car,0 days 00:00:26.021000,0 days 03:06:06.503000,1459.245277777778
2024-11-03 17:44:09.409,9949.0,146.0,4,82.0,False,1,car,0 days 00:00:26.181000,0 days 03:06:06.663000,1465.7341666666669
2024-11-03 17:44:09.649,10430.0,163.0,4,84.0,False,1,car,0 days 00:00:26.421000,0 days 03:06:06.903000,1476.6008333333334
2024-11-03 17:44:09.889,11088.0,173.0,4,99.0,False,1,car,0 days 00:00:26.661000,0 days 03:06:07.143000,1488.134166666667
2024-11-03 17:44:10.129,11454.0,185.0,4,100.0,False,1,car,0 days 00:00:26.901000,0 days 03:06:07.383000,1500.4675000000002
2024-11-03 17:44:10.449,10569.0,198.0,5,99.0,False,1,car,0 days 00:00:27.221000,0 days 03:06:07.703000,1518.0675
2024-11-03 17:44:10.809,11166.0,207.0,5,99.0,False,1,car,0 days 00:00:27.581000,0 days 03:06:08.063000,1538.7675000000002
2024-11-03 17:44:11.129,11634.0,213.0,5,100.0,False,1,car,0 days 00:00:27.901000,0 days 03:06:08.383000,1557.7008333333335
2024-11-03 17:44:11.408,11619.0,224.0,5,100.0,False,1,car,0 days 00:00:28.180000,0 days 03:06:08.662000,1575.0608333333334
2024-11-03 17:44:11.848,10746.0,235.0,6,100.0,False,1,car,0 days 00:00:28.620000,0 days 03:06:09.102000,1603.7830555555558
2024-11-03 17:44:12.288,10985.0,242.0,6,100.0,False,1,car,0 days 00:00:29.060000,0 days 03:06:09.542000,1633.3608333333334
2024-11-03 17:44:12.489,11203.0,245.0,6,100.0,False,1,car,0 days 00:00:29.261000,0 days 03:06:09.743000,1647.0400000000002
2024-11-03 17:44:12.849,11474.0,251.0,6,100.0,False,1,car,0 days 00:00:29.621000,0 days 03:06:10.103000,1672.14
2024-11-03 17:44:13.049,11572.0,255.0,6,100.0,False,1,car,0 days 00:00:29.821000,0 days 03:06:10.303000,1686.306666666667
2024-11-03 17:44:13.249,11321.0,257.0,6,100.0,False,1,car,0 days 00:00:30.021000,0 days 03:06:10.503000,1700.584444444445
2024-11-03 17:44:13.409,10558.0,259.0,6,100.0,False,1,car,0 days 00:00:30.181000,0 days 03:06:10.663000,1712.095555555556
2024-11-03 17:44:13.609,10461.0,261.0,7,100.0,False,1,car,0 days 00:00:30.381000,0 days 03:06:10.863000,1726.595555555556
2024-11-03 17:44:14.049,10628.0,269.0,7,100.0,False,1,car,0 days 00:00:30.821000,0 days 03:06:11.303000,1759.473333333334
2024-11-03 17:44:14.289,10738.0,269.0,7,100.0,False,1,car,0 days 00:00:31.061000,0 days 03:06:11.543000,1777.4066666666672
2024-11-03 17:44:14.489,10842.0,273.0,7,100.0,False,1,car,0 days 00:00:31.261000,0 days 03:06:11.743000,1792.5733333333337
2024-11-03 17:44:14.689,10920.0,275.0,7,99.0,False,1,car,0 days 00:00:31.461000,0 days 03:06:11.943000,1807.8511111111115
2024-11-03 17:44:14.849,11017.0,277.0,7,99.0,False,1,car,0 days 00:00:31.621000,0 days 03:06:12.103000,1820.1622222222227
2024-11-03 17:44:15.049,11076.0,279.0,7,100.0,False,1,car,0 days 00:00:31.821000,0 days 03:06:12.303000,1835.662222222223
2024-11-03 17:44:15.409,11200.0,282.0,7,100.0,False,1,car,0 days 00:00:32.181000,0 days 03:06:12.663000,1863.8622222222225
2024-11-03 17:44:15.729,11298.0,285.0,7,99.0,False,1,car,0 days 00:00:32.501000,0 days 03:06:12.983000,1889.1955555555558
2024-11-03 17:44:15.889,11136.0,284.0,7,20.0,True,1,car,0 days 00:00:32.661000,0 days 03:06:13.143000,1901.8177777777782
2024-11-03 17:44:16.129,10506.0,254.0,7,9.0,True,1,car,0 days 00:00:32.901000,0 days 03:06:13.383000,1918.7511111111116
2024-11-03 17:44:16.289,10847.0,245.0,7,9.0,True,1,car,0 days 00:00:33.061000,0 days 03:06:13.543000,1929.6400000000003
2024-11-03 17:44:16.529,11194.0,223.0,6,9.0,True,1,car,0 days 00:00:33.301000,0 days 03:06:13.783000,1944.5066666666671
2024-11-03 17:44:16.809,10712.0,211.0,6,12.0,True,1,car,0 days 00:00:33.581000,0 days 03:06:14.063000,1960.9177777777784
2024-11-03 17:44:17.049,10182.0,199.0,5,13.0,True,1,car,0 days 00:00:33.821000,0 days 03:06:14.303000,1974.1844444444448
2024-11-03 17:44:17.329,9896.0,190.0,5,14.0,True,1,car,0 days 00:00:34.101000,0 days 03:06:14.583000,1988.9622222222226
2024-11-03 17:44:17.609,9501.0,186.0,5,20.0,False,1,car,0 days 00:00:34.381000,0 days 03:06:14.863000,2003.4288888888893
2024-11-03 17:44:17.929,9486.0,179.0,5,21.0,False,1,car,0 days 00:00:34.701000,0 days 03:06:15.183000,2019.3400000000004
2024-11-03 17:44:18.088,9225.0,177.0,5,46.0,False,1,car,0 days 00:00:34.860000,0 days 03:06:15.342000,2027.1575000000003
2024-11-03 17:44:18.248,9222.0,176.0,5,47.0,False,1,car,0 days 00:00:35.020000,0 days 03:06:15.502000,2034.9797222222226
2024-11-03 17:44:18.608,9248.0,176.0,5,52.0,False,1,car,0 days 00:00:35.380000,0 days 03:06:15.862000,2052.5797222222227
2024-11-03 17:44:19.049,9133.0,174.0,5,51.0,False,1,car,0 days 00:00:35.821000,0 days 03:06:16.303000,2073.8947222222223
2024-11-03 17:44:19.249,9082.0,174.0,5,42.0,False,1,car,0 days 00:00:36.021000,0 days 03:06:16.503000,2083.5613888888893
2024-11-03 17:44:19.609,9127.0,171.0,5,55.0,False,1,car,0 days 00:00:36.381000,0 days 03:06:16.863000,2100.661388888889
2024-11-03 17:44:19.809,9096.0,171.0,5,52.0,False,1,car,0 days 00:00:36.581000,0 days 03:06:17.063000,2110.161388888889
2024-11-03 17:44:20.169,9193.0,172.0,5,56.0,False,1,car,0 days 00:00:36.941000,0 days 03:06:17.423000,2127.361388888889
2024-11-03 17:44:20.449,9212.0,173.0,5,58.0,False,1,car,0 days 00:00:37.221000,0 days 03:06:17.703000,2140.8169444444443
2024-11-03 17:44:20.689,9465.0,174.0,5,59.0,False,1,car,0 days 00:00:37.461000,0 days 03:06:17.943000,2152.416944444444
2024-11-03 17:44:20.889,9367.0,174.0,5,61.0,False,1,car,0 days 00:00:37.661000,0 days 03:06:18.143000,2162.083611111111
2024-11-03 17:44:21.329,9706.0,179.0,5,67.0,False,1,car,0 days 00:00:38.101000,0 days 03:06:18.583000,2183.961388888889
2024-11-03 17:44:21.529,9917.0,183.0,5,73.0,False,1,car,0 days 00:00:38.301000,0 days 03:06:18.783000,2194.128055555556
2024-11-03 17:44:21.889,9682.0,187.0,5,2.0,True,1,car,0 days 00:00:38.661000,0 days 03:06:19.143000,2212.8280555555557
2024-11-03 17:44:22.089,8909.0,175.0,5,0.0,True,1,car,0 days 00:00:38.861000,0 days 03:06:19.343000,2222.550277777778
2024-11-03 17:44:22.489,10086.0,152.0,4,1.0,True,1,car,0 days 00:00:39.261000,0 days 03:06:19.743000,2239.439166666667
2024-11-03 17:44:22.849,9258.0,129.0,3,1.0,True,1,car,0 days 00:00:39.621000,0 days 03:06:20.103000,2252.339166666667
2024-11-03 17:44:23.169,9688.0,117.0,3,1.0,True,1,car,0 days 00:00:39.941000,0 days 03:06:20.423000,2262.739166666667
2024-11-03 17:44:23.569,8694.0,104.0,2,2.0,True,1,car,0 days 00:00:40.341000,0 days 03:06:20.823000,2274.294722222223
2024-11-03 17:44:23.809,8134.0,99.0,2,2.0,True,1,car,0 days 00:00:40.581000,0 days 03:06:21.063000,2280.8947222222228
2024-11-03 17:44:24.209,7323.0,88.0,2,1.0,True,1,car,0 days 00:00:40.981000,0 days 03:06:21.463000,2290.6725000000006
2024-11-03 17:44:24.529,6746.0,80.0,2,0.0,True,1,car,0 days 00:00:41.301000,0 days 03:06:21.783000,2297.783611111112
2024-11-03 17:44:24.768,6576.0,77.0,2,0.0,True,1,car,0 days 00:00:41.540000,0 days 03:06:22.022000,2302.8955555555563
2024-11-03 17:44:24.928,6532.0,76.0,2,0.0,False,1,car,0 days 00:00:41.700000,0 days 03:06:22.182000,2306.273333333334
2024-11-03 17:44:25.088,6467.0,75.0,2,0.0,False,1,car,0 days 00:00:41.860000,0 days 03:06:22.342000,2309.6066666666675
2024-11-03 17:44:25.448,6457.0,73.0,2,0.0,False,1,car,0 days 00:00:42.220000,0 days 03:06:22.702000,2316.9066666666677
2024-11-03 17:44:25.729,6564.0,73.0,2,23.0,False,1,car,0 days 00:00:42.501000,0 days 03:06:22.983000,2322.6047222222232
2024-11-03 17:44:25.929,6585.0,74.0,2,23.0,False,1,car,0 days 00:00:42.701000,0 days 03:06:23.183000,2326.7158333333346
2024-11-03 17:44:26.289,6908.0,77.0,2,34.0,False,1,car,0 days 00:00:43.061000,0 days 03:06:23.543000,2334.4158333333344
2024-11-03 17:44:26.649,7440.0,83.0,2,41.0,False,1,car,0 days 00:00:43.421000,0 days 03:06:23.903000,2342.7158333333346
2024-11-03 17:44:27.089,8461.0,90.0,2,52.0,False,1,car,0 days 00:00:43.861000,0 days 03:06:24.343000,2353.7158333333346
2024-11-03 17:44:27.489,9358.0,102.0,2,61.0,False,1,car,0 days 00:00:44.261000,0 days 03:06:24.743000,2365.049166666668
2024-11-03 17:44:27.929,9410.0,110.0,2,0.0,True,1,car,0 days 00:00:44.701000,0 days 03:06:25.183000,2378.4936111111124
2024-11-03 17:44:28.249,9092.0,105.0,2,0.0,True,1,car,0 days 00:00:45.021000,0 days 03:06:25.503000,2387.826944444446
2024-11-03 17:44:28.489,8856.0,103.0,2,0.0,True,1,car,0 days 00:00:45.261000,0 days 03:06:25.743000,2394.6936111111127
2024-11-03 17:44:28.809,8753.0,101.0,2,0.0,True,1,car,0 days 00:00:45.581000,0 days 03:06:26.063000,2403.6713888888903
2024-11-03 17:44:29.009,8293.0,99.0,2,1.0,True,1,car,0 days 00:00:45.781000,0 days 03:06:26.263000,2409.1713888888903
2024-11-03 17:44:29.329,8113.0,94.0,2,0.0,True,1,car,0 days 00:00:46.101000,0 days 03:06:26.583000,2417.5269444444457
2024-11-03 17:44:29.529,7873.0,92.0,2,0.0,True,1,car,0 days 00:00:46.301000,0 days 03:06:26.783000,2422.638055555557
2024-11-03 17:44:29.769,7790.0,91.0,2,0.0,False,1,car,0 days 00:00:46.541000,0 days 03:06:27.023000,2428.7047222222236
2024-11-03 17:44:30.009,7675.0,89.0,2,0.0,False,1,car,0 days 00:00:46.781000,0 days 03:06:27.263000,2434.638055555557
2024-11-03 17:44:30.329,7793.0,88.0,2,26.0,False,1,car,0 days 00:00:47.101000,0 days 03:06:27.583000,2442.460277777779
2024-11-03 17:44:30.609,8011.0,90.0,2,32.0,False,1,car,0 days 00:00:47.381000,0 days 03:06:27.863000,2449.460277777779
2024-11-03 17:44:30.969,8373.0,91.0,2,43.0,False,1,car,0 days 00:00:47.741000,0 days 03:06:28.223000,2458.560277777779
2024-11-03 17:44:31.209,8620.0,96.0,2,45.0,False,1,car,0 days 00:00:47.981000,0 days 03:06:28.463000,2464.960277777779
2024-11-03 17:44:31.369,8977.0,99.0,2,45.0,False,1,car,0 days 00:00:48.141000,0 days 03:06:28.623000,2469.360277777779
2024-11-03 17:44:31.568,9237.0,102.0,2,50.0,False,1,car,0 days 00:00:48.340000,0 days 03:06:28.822000,2474.9986111111125
2024-11-03 17:44:31.888,9214.0,108.0,2,57.0,False,1,car,0 days 00:00:48.660000,0 days 03:06:29.142000,2484.5986111111124
2024-11-03 17:44:32.088,8873.0,113.0,3,62.0,False,1,car,0 days 00:00:48.860000,0 days 03:06:29.342000,2490.8763888888902
2024-11-03 17:44:32.329,9371.0,120.0,3,64.0,False,1,car,0 days 00:00:49.101000,0 days 03:06:29.583000,2498.9097222222235
2024-11-03 17:44:32.489,9545.0,123.0,3,68.0,False,1,car,0 days 00:00:49.261000,0 days 03:06:29.743000,2504.3763888888902
2024-11-03 17:44:32.849,10505.0,136.0,3,74.0,False,1,car,0 days 00:00:49.621000,0 days 03:06:30.103000,2517.97638888889
2024-11-03 17:44:33.009,10876.0,139.0,3,78.0,False,1,car,0 days 00:00:49.781000,0 days 03:06:30.263000,2524.1541666666676
2024-11-03 17:44:33.209,11466.0,147.0,3,83.0,False,1,car,0 days 00:00:49.981000,0 days 03:06:30.463000,2532.3208333333346
2024-11-03 17:44:33.369,11494.0,154.0,3,83.0,False,1,car,0 days 00:00:50.141000,0 days 03:06:30.623000,2539.165277777779
2024-11-03 17:44:33.529,10514.0,161.0,4,86.0,False,1,car,0 days 00:00:50.301000,0 days 03:06:30.783000,2546.3208333333346
2024-11-03 17:44:33.809,10917.0,169.0,4,87.0,False,1,car,0 days 00:00:50.581000,0 days 03:06:31.063000,2559.465277777779
2024-11-03 17:44:34.249,10615.0,186.0,4,97.0,False,1,car,0 days 00:00:51.021000,0 days 03:06:31.503000,2582.1986111111123
2024-11-03 17:44:34.489,10280.0,193.0,5,100.0,False,1,car,0 days 00:00:51.261000,0 days 03:06:31.743000,2595.065277777779
2024-11-03 17:44:34.809,9791.0,194.0,5,2.0,True,1,car,0 days 00:00:51.581000,0 days 03:06:32.063000,2612.3097222222236
2024-11-03 17:44:34.969,10588.0,178.0,5,1.0,True,1,car,0 days 00:00:51.741000,0 days 03:06:32.223000,2620.2208333333347
2024-11-03 17:44:35.209,11572.0,171.0,4,1.0,True,1,car,0 days 00:00:51.981000,0 days 03:06:32.463000,2631.6208333333348
2024-11-03 17:44:35.449,11045.0,160.0,3,2.0,True,1,car,0 days 00:00:52.221000,0 days 03:06:32.703000,2642.2875000000013
2024-11-03 17:44:35.889,10818.0,127.0,3,3.0,True,1,car,0 days 00:00:52.661000,0 days 03:06:33.143000,2657.8097222222236
2024-11-03 17:44:36.249,9278.0,111.0,2,4.0,True,1,car,0 days 00:00:53.021000,0 days 03:06:33.503000,2668.9097222222235
2024-11-03 17:44:36.529,8520.0,101.0,2,3.0,True,1,car,0 days 00:00:53.301000,0 days 03:06:33.783000,2676.765277777779
2024-11-03 17:44:36.769,8259.0,99.0,2,3.0,True,1,car,0 days 00:00:53.541000,0 days 03:06:34.023000,2683.365277777779
2024-11-03 17:44:36.929,7526.0,92.0,2,3.0,True,1,car,0 days 00:00:53.701000,0 days 03:06:34.183000,2687.454166666668
2024-11-03 17:44:37.089,7424.0,89.0,2,0.0,True,1,car,0 days 00:00:53.861000,0 days 03:06:34.343000,2691.409722222223
2024-11-03 17:44:37.409,7060.0,83.0,2,0.0,True,1,car,0 days 00:00:54.181000,0 days 03:06:34.663000,2698.787500000001
2024-11-03 17:44:37.609,6664.0,79.0,2,0.0,True,1,car,0 days 00:00:54.381000,0 days 03:06:34.863000,2703.17638888889
2024-11-03 17:44:37.889,6417.0,75.0,2,0.0,False,1,car,0 days 00:00:54.661000,0 days 03:06:35.143000,2709.0097222222234
2024-11-03 17:44:38.049,6243.0,74.0,2,0.0,False,1,car,0 days 00:00:54.821000,0 days 03:06:35.303000,2712.298611111112
2024-11-03 17:44:38.328,6324.0,72.0,2,11.0,False,1,car,0 days 00:00:55.100000,0 days 03:06:35.582000,2717.878611111112
2024-11-03 17:44:38.528,6412.0,72.0,2,23.0,False,1,car,0 days 00:00:55.300000,0 days 03:06:35.782000,2721.878611111112
2024-11-03 17:44:38.849,6661.0,75.0,2,28.0,False,1,car,0 days 00:00:55.621000,0 days 03:06:36.103000,2728.566111111112
2024-11-03 17:44:39.009,6813.0,75.0,2,31.0,False,1,car,0 days 00:00:55.781000,0 days 03:06:36.263000,2731.8994444444456
2024-11-03 17:44:39.249,7047.0,79.0,2,36.0,False,1,car,0 days 00:00:56.021000,0 days 03:06:36.503000,2737.1661111111125
2024-11-03 17:44:39.409,7249.0,80.0,2,40.0,False,1,car,0 days 00:00:56.181000,0 days 03:06:36.663000,2740.721666666668
2024-11-03 17:44:39.889,8081.0,89.0,2,49.0,False,1,car,0 days 00:00:56.661000,0 days 03:06:37.143000,2752.588333333335
2024-11-03 17:44:40.089,8429.0,93.0,2,51.0,False,1,car,0 days 00:00:56.861000,0 days 03:06:37.343000,2757.7550000000015
2024-11-03 17:44:40.249,8693.0,97.0,2,53.0,False,1,car,0 days 00:00:57.021000,0 days 03:06:37.503000,2762.0661111111126
2024-11-03 17:44:40.529,9576.0,105.0,2,58.0,False,1,car,0 days 00:00:57.301000,0 days 03:06:37.783000,2770.232777777779
2024-11-03 17:44:40.769,10136.0,112.0,2,61.0,False,1,car,0 days 00:00:57.541000,0 days 03:06:38.023000,2777.699444444446
2024-11-03 17:44:41.129,10484.0,127.0,2,75.0,False,1,car,0 days 00:00:57.901000,0 days 03:06:38.383000,2790.399444444446
2024-11-03 17:44:41.529,11009.0,144.0,3,83.0,False,1,car,0 days 00:00:58.301000,0 days 03:06:38.783000,2806.399444444446
2024-11-03 17:44:41.689,11267.0,149.0,3,85.0,False,1,car,0 days 00:00:58.461000,0 days 03:06:38.943000,2813.0216666666684
2024-11-03 17:44:41.849,10847.0,156.0,3,85.0,False,1,car,0 days 00:00:58.621000,0 days 03:06:39.103000,2819.9550000000017
2024-11-03 17:44:42.169,10716.0,166.0,4,80.0,False,1,car,0 days 00:00:58.941000,0 days 03:06:39.423000,2834.710555555557
2024-11-03 17:44:42.489,10078.0,174.0,4,67.0,False,1,car,0 days 00:00:59.261000,0 days 03:06:39.743000,2850.177222222224
2024-11-03 17:44:42.769,9454.0,177.0,5,67.0,False,1,car,0 days 00:00:59.541000,0 days 03:06:40.023000,2863.9438888888903
2024-11-03 17:44:43.049,9733.0,182.0,5,71.0,False,1,car,0 days 00:00:59.821000,0 days 03:06:40.303000,2878.099444444446
2024-11-03 17:44:43.409,9865.0,185.0,5,68.0,False,1,car,0 days 00:01:00.181000,0 days 03:06:40.663000,2896.599444444446
2024-11-03 17:44:43.569,10063.0,188.0,5,69.0,False,1,car,0 days 00:01:00.341000,0 days 03:06:40.823000,2904.9550000000017
2024-11-03 17:44:43.729,10250.0,191.0,5,72.0,False,1,car,0 days 00:01:00.501000,0 days 03:06:40.983000,2913.4438888888903
2024-11-03 17:44:43.969,10348.0,194.0,5,72.0,False,1,car,0 days 00:01:00.741000,0 days 03:06:41.223000,2926.3772222222237
2024-11-03 17:44:44.409,10682.0,200.0,5,71.0,False,1,car,0 days 00:01:01.181000,0 days 03:06:41.663000,2950.821666666668
2024-11-03 17:44:44.689,10924.0,205.0,5,79.0,False,1,car,0 days 00:01:01.461000,0 days 03:06:41.943000,2966.7661111111124
2024-11-03 17:44:45.048,11446.0,215.0,5,96.0,False,1,car,0 days 00:01:01.820000,0 days 03:06:42.302000,2988.20638888889
2024-11-03 17:44:45.289,11667.0,219.0,5,100.0,False,1,car,0 days 00:01:02.061000,0 days 03:06:42.543000,3002.8672222222235
2024-11-03 17:44:45.569,12050.0,226.0,5,100.0,False,1,car,0 days 00:01:02.341000,0 days 03:06:42.823000,3020.4450000000015
2024-11-03 17:44:45.809,10627.0,231.0,6,100.0,False,1,car,0 days 00:01:02.581000,0 days 03:06:43.063000,3035.8450000000016
2024-11-03 17:44:46.049,10878.0,236.0,6,100.0,False,1,car,0 days 00:01:02.821000,0 days 03:06:43.303000,3051.5783333333347
2024-11-03 17:44:46.289,11039.0,243.0,6,100.0,False,1,car,0 days 00:01:03.061000,0 days 03:06:43.543000,3067.778333333335
2024-11-03 17:44:46.649,11282.0,245.0,6,10.0,True,1,car,0 days 00:01:03.421000,0 days 03:06:43.903000,3092.278333333335
2024-11-03 17:44:47.009,10518.0,210.0,6,1.0,True,1,car,0 days 00:01:03.781000,0 days 03:06:44.263000,3113.278333333335
2024-11-03 17:44:47.329,10856.0,177.0,5,2.0,True,1,car,0 days 00:01:04.101000,0 days 03:06:44.583000,3129.011666666668
2024-11-03 17:44:47.649,10863.0,156.0,4,3.0,True,1,car,0 days 00:01:04.421000,0 days 03:06:44.903000,3142.878333333335
2024-11-03 17:44:47.809,10583.0,149.0,3,3.0,True,1,car,0 days 00:01:04.581000,0 days 03:06:45.063000,3149.500555555557
2024-11-03 17:44:47.969,9660.0,138.0,3,3.0,True,1,car,0 days 00:01:04.741000,0 days 03:06:45.223000,3155.6338888888904
2024-11-03 17:44:48.169,9391.0,129.0,3,3.0,True,1,car,0 days 00:01:04.941000,0 days 03:06:45.423000,3162.8005555555574
2024-11-03 17:44:48.529,8443.0,115.0,3,1.0,True,1,car,0 days 00:01:05.301000,0 days 03:06:45.783000,3174.3005555555574
2024-11-03 17:44:48.929,7660.0,107.0,3,2.0,True,1,car,0 days 00:01:05.701000,0 days 03:06:46.183000,3186.189444444446
2024-11-03 17:44:49.129,7429.0,103.0,3,2.0,True,1,car,0 days 00:01:05.901000,0 days 03:06:46.383000,3191.911666666668
2024-11-03 17:44:49.489,7338.0,100.0,3,10.0,False,1,car,0 days 00:01:06.261000,0 days 03:06:46.743000,3201.911666666668
2024-11-03 17:44:49.929,7736.0,101.0,3,35.0,False,1,car,0 days 00:01:06.701000,0 days 03:06:47.183000,3214.2561111111127
2024-11-03 17:44:50.209,7805.0,102.0,3,42.0,False,1,car,0 days 00:01:06.981000,0 days 03:06:47.463000,3222.189444444446
2024-11-03 17:44:50.449,8106.0,106.0,3,48.0,False,1,car,0 days 00:01:07.221000,0 days 03:06:47.703000,3229.256111111113
2024-11-03 17:44:50.769,8519.0,111.0,3,55.0,False,1,car,0 days 00:01:07.541000,0 days 03:06:48.023000,3239.1227777777794
2024-11-03 17:44:50.929,8925.0,115.0,3,58.0,False,1,car,0 days 00:01:07.701000,0 days 03:06:48.183000,3244.2338888888903
2024-11-03 17:44:51.129,9345.0,117.0,3,63.0,False,1,car,0 days 00:01:07.901000,0 days 03:06:48.383000,3250.7338888888903
2024-11-03 17:44:51.329,9734.0,126.0,3,71.0,False,1,car,0 days 00:01:08.101000,0 days 03:06:48.583000,3257.7338888888903
2024-11-03 17:44:51.529,10291.0,132.0,3,75.0,False,1,car,0 days 00:01:08.301000,0 days 03:06:48.783000,3265.067222222224
2024-11-03 17:44:51.889,11102.0,143.0,3,81.0,False,1,car,0 days 00:01:08.661000,0 days 03:06:49.143000,3279.367222222224
2024-11-03 17:44:52.129,9982.0,154.0,4,84.0,False,1,car,0 days 00:01:08.901000,0 days 03:06:49.383000,3289.6338888888904
2024-11-03 17:44:52.409,10491.0,160.0,4,87.0,False,1,car,0 days 00:01:09.181000,0 days 03:06:49.663000,3302.0783333333347
2024-11-03 17:44:52.569,11097.0,168.0,4,90.0,False,1,car,0 days 00:01:09.341000,0 days 03:06:49.823000,3309.5450000000014
2024-11-03 17:44:52.769,11637.0,176.0,4,99.0,False,1,car,0 days 00:01:09.541000,0 days 03:06:50.023000,3319.3227777777793
2024-11-03 17:44:53.089,10265.0,188.0,4,100.0,False,1,car,0 days 00:01:09.861000,0 days 03:06:50.343000,3336.033888888891
2024-11-03 17:44:53.289,10551.0,195.0,5,100.0,False,1,car,0 days 00:01:10.061000,0 days 03:06:50.543000,3346.8672222222244
2024-11-03 17:44:53.529,10858.0,204.0,5,100.0,False,1,car,0 days 00:01:10.301000,0 days 03:06:50.783000,3360.4672222222243
2024-11-03 17:44:53.969,11506.0,215.0,5,100.0,False,1,car,0 days 00:01:10.741000,0 days 03:06:51.223000,3386.745000000002
2024-11-03 17:44:54.289,11883.0,224.0,5,100.0,False,1,car,0 days 00:01:11.061000,0 days 03:06:51.543000,3406.6561111111137
2024-11-03 17:44:54.449,10763.0,228.0,5,100.0,False,1,car,0 days 00:01:11.221000,0 days 03:06:51.703000,3416.789444444447
2024-11-03 17:44:54.649,10644.0,231.0,6,100.0,False,1,car,0 days 00:01:11.421000,0 days 03:06:51.903000,3429.6227777777804
2024-11-03 17:44:54.969,10774.0,237.0,6,100.0,False,1,car,0 days 00:01:11.741000,0 days 03:06:52.223000,3450.6894444444465
2024-11-03 17:44:55.289,11199.0,244.0,6,100.0,False,1,car,0 days 00:01:12.061000,0 days 03:06:52.543000,3472.378333333336
2024-11-03 17:44:55.609,11428.0,249.0,6,100.0,False,1,car,0 days 00:01:12.381000,0 days 03:06:52.863000,3494.5116666666686
2024-11-03 17:44:55.889,11625.0,253.0,6,100.0,False,1,car,0 days 00:01:12.661000,0 days 03:06:53.143000,3514.1894444444465
2024-11-03 17:44:56.089,11622.0,257.0,6,100.0,False,1,car,0 days 00:01:12.861000,0 days 03:06:53.343000,3528.4672222222243
2024-11-03 17:44:56.329,10767.0,261.0,6,100.0,False,1,car,0 days 00:01:13.101000,0 days 03:06:53.583000,3545.867222222224
2024-11-03 17:44:56.609,10511.0,263.0,7,100.0,False,1,car,0 days 00:01:13.381000,0 days 03:06:53.863000,3566.3227777777797
2024-11-03 17:44:57.049,10767.0,268.0,7,100.0,False,1,car,0 days 00:01:13.821000,0 days 03:06:54.303000,3599.078333333335
2024-11-03 17:44:57.289,10774.0,270.0,7,100.0,False,1,car,0 days 00:01:14.061000,0 days 03:06:54.543000,3617.0783333333356
2024-11-03 17:44:57.729,11018.0,275.0,7,100.0,False,1,car,0 days 00:01:14.501000,0 days 03:06:54.983000,3650.6894444444465
2024-11-03 17:44:57.889,11018.0,276.0,7,100.0,False,1,car,0 days 00:01:14.661000,0 days 03:06:55.143000,3662.956111111113
2024-11-03 17:44:58.169,11116.0,278.0,7,100.0,False,1,car,0 days 00:01:14.941000,0 days 03:06:55.423000,3684.578333333335
2024-11-03 17:44:58.369,11159.0,280.0,7,100.0,False,1,car,0 days 00:01:15.141000,0 days 03:06:55.623000,3700.133888888891
2024-11-03 17:44:58.609,11274.0,282.0,7,100.0,False,1,car,0 days 00:01:15.381000,0 days 03:06:55.863000,3718.9338888888906
2024-11-03 17:44:58.849,11358.0,286.0,7,100.0,False,1,car,0 days 00:01:15.621000,0 days 03:06:56.103000,3738.0005555555567
2024-11-03 17:44:59.129,11429.0,287.0,7,100.0,False,1,car,0 days 00:01:15.901000,0 days 03:06:56.383000,3760.3227777777793
2024-11-03 17:44:59.289,11467.0,287.0,7,100.0,False,1,car,0 days 00:01:16.061000,0 days 03:06:56.543000,3773.0783333333356
2024-11-03 17:44:59.489,11496.0,290.0,7,100.0,False,1,car,0 days 00:01:16.261000,0 days 03:06:56.743000,3789.189444444446
2024-11-03 17:44:59.689,11564.0,291.0,7,100.0,False,1,car,0 days 00:01:16.461000,0 days 03:06:56.943000,3805.356111111113
2024-11-03 17:45:00.009,11678.0,294.0,7,100.0,False,1,car,0 days 00:01:16.781000,0 days 03:06:57.263000,3831.489444444447
2024-11-03 17:45:00.249,10558.0,296.0,7,100.0,False,1,car,0 days 00:01:17.021000,0 days 03:06:57.503000,3851.2227777777803
2024-11-03 17:45:00.489,10422.0,297.0,8,100.0,False,1,car,0 days 00:01:17.261000,0 days 03:06:57.743000,3871.02277777778
2024-11-03 17:45:00.809,10577.0,299.0,8,100.0,False,1,car,0 days 00:01:17.581000,0 days 03:06:58.063000,3897.6005555555585
2024-11-03 17:45:01.209,10493.0,300.0,8,100.0,False,1,car,0 days 00:01:17.981000,0 days 03:06:58.463000,3930.933888888891
2024-11-03 17:45:01.409,10599.0,301.0,8,100.0,False,1,car,0 days 00:01:18.181000,0 days 03:06:58.663000,3947.6561111111137
2024-11-03 17:45:01.849,10713.0,302.0,8,100.0,False,1,car,0 days 00:01:18.621000,0 days 03:06:59.103000,3984.5672222222247
2024-11-03 17:45:02.169,10834.0,303.0,8,99.0,False,1,car,0 days 00:01:18.941000,0 days 03:06:59.423000,4011.5005555555585
2024-11-03 17:45:02.409,10747.0,304.0,8,100.0,False,1,car,0 days 00:01:19.181000,0 days 03:06:59.663000,4031.767222222225
2024-11-03 17:45:02.649,10748.0,304.0,8,99.0,False,1,car,0 days 00:01:19.421000,0 days 03:06:59.903000,4052.0338888888923
2024-11-03 17:45:02.849,10741.0,305.0,8,100.0,False,1,car,0 days 00:01:19.621000,0 days 03:07:00.103000,4068.9783333333357
2024-11-03 17:45:03.169,10785.0,306.0,8,100.0,False,1,car,0 days 00:01:19.941000,0 days 03:07:00.423000,4096.178333333336
2024-11-03 17:45:03.489,10775.0,306.0,8,99.0,False,1,car,0 days 00:01:20.261000,0 days 03:07:00.743000,4123.378333333336
2024-11-03 17:45:03.649,10766.0,307.0,8,100.0,False,1,car,0 days 00:01:20.421000,0 days 03:07:00.903000,4137.022777777781
2024-11-03 17:45:03.889,10799.0,307.0,8,100.0,False,1,car,0 days 00:01:20.661000,0 days 03:07:01.143000,4157.489444444447
2024-11-03 17:45:04.049,10833.0,308.0,8,100.0,False,1,car,0 days 00:01:20.821000,0 days 03:07:01.303000,4171.178333333336
2024-11-03 17:45:04.409,10835.0,308.0,8,100.0,False,1,car,0 days 00:01:21.181000,0 days 03:07:01.663000,4201.978333333336
2024-11-03 17:45:04.609,10835.0,308.0,8,100.0,False,1,car,0 days 00:01:21.381000,0 days 03:07:01.863000,4219.0894444444475
